{
  "faithfulness": 0.07692307692307693,
  "answer_relevancy": 0.7334063226149177,
  "context_precision": 0.0,
  "context_recall": 0.0
}